A;A1;A2;A3;B;B1;B2;B3;Col0_End;Col0_Start;Col1_End;Col1_Start;Col2_End;Col2_Start;Col3_End;Col3_Start;Col4_End;Col4_Start;Col5_End;Col5_Start;Col6_End;Col6_Start;DataFrame;NewAnswers;Next_x;Next_y;Outcome;Responses000;Row0_End;Row0_Start;Row10_End;Row10_Start;Row11_End;Row11_Start;Row12_End;Row12_Start;Row13_End;Row13_Start;Row14_End;Row14_Start;Row15_End;Row15_Start;Row16_End;Row16_Start;Row17_End;Row17_Start;Row1_End;Row1_Start;Row2_End;Row2_Start;Row3_End;Row3_Start;Row4_End;Row4_Start;Row5_End;Row5_Start;Row6_End;Row6_Start;Row7_End;Row7_Start;Row8_End;Row8_Start;Row9_End;Row9_Start;Stim1;Stim2;Trial;TrialCoordinate;TrialCoordinateEnd;TrialCoordinateMinusOne;X;X1;X2;X3;acc;accept_status;accuracy;average_response_time;avg_rt;background;block1;block2;block3;canvas_backend;check;checkbox_status;clock_backend;color_backend;compensation;coordinates;correct;correct_Keyboard000;correct_Mouse000;correct_Mouse000_1;correct_Mouse050;count_AConsentform;count_Click_loop000;count_Click_loop000_1;count_Click_loop050;count_Click_sequence000;count_Click_sequence000_1;count_Click_sequence050;count_Cond000Sequence;count_Cond050Sequence;count_Cond100Sequence;count_Coordinate_Sequence;count_Coordinate_loops;count_Initialization;count_Initialization_1;count_Keyboard000;count_KeyboardResponses000;count_Mouse000;count_Mouse000_1;count_Mouse050;count_Outcome000;count_Outcome000_1;count_Outcome050;count_Outcome100;count_PreviousResponses;count_Randomizer000;count_Randomizer000_1;count_Randomizer050;count_Randomizer100;count_Rating000;count_Rating000_1;count_Rating050;count_Rating100;count_RegionOfInterest000_1;count_RegionOfInterest050;count_Repeat_cycle000;count_Repeat_cycle000_1;count_Repeat_cycle050;count_Stim000;count_Stim000_1;count_Stim050;count_Stim100;count_Training_phase;count__000;count__050;count__100;count_experiment;count_main_sequence;count_new_advanced_delay;count_new_form_text_display;count_new_form_text_display_1;count_new_inline_javascript;count_new_inline_javascript_1;count_new_logger;count_new_logger_1;count_new_loop;count_new_loop_1;count_new_sequence;count_new_sequence_1;current;currentIndex;cursor_roi;cursor_x;cursor_y;datetime;delay_new_advanced_delay;description;disable_garbage_collection;empty_column;experiment_file;experiment_path;font_bold;font_family;font_italic;font_size;font_underline;foreground;form_clicks;form_response;fullscreen;height;i;j;keyboard_backend;live_row;live_row_Click_loop000;live_row_new_loop_1;locations;logfile;mouse_backend;opensesame_codename;opensesame_version;pos1;pos1X;pos1Y;pos2;pos2X;pos2Y;reminder;repeat_cycle;response;responseR1;responseR2;responseR3;response_Keyboard000;response_Mouse000;response_Mouse000_1;response_Mouse050;response_time;response_time_Keyboard000;response_time_Mouse000;response_time_Mouse000_1;response_time_Mouse050;responses;round_decimals;sampler_backend;sound_buf_size;sound_channels;sound_freq;sound_sample_size;start;stim;subject_nr;subject_parity;temp;time_AConsentform;time_Click_loop000;time_Click_loop000_1;time_Click_loop050;time_Click_sequence000;time_Click_sequence000_1;time_Click_sequence050;time_Cond000Sequence;time_Cond050Sequence;time_Cond100Sequence;time_Coordinate_Sequence;time_Coordinate_loops;time_Initialization;time_Initialization_1;time_Keyboard000;time_KeyboardResponses000;time_Mouse000;time_Mouse000_1;time_Mouse050;time_Outcome000;time_Outcome000_1;time_Outcome050;time_Outcome100;time_PreviousResponses;time_Randomizer000;time_Randomizer000_1;time_Randomizer050;time_Randomizer100;time_Rating000;time_Rating000_1;time_Rating050;time_Rating100;time_RegionOfInterest000_1;time_RegionOfInterest050;time_Repeat_cycle000;time_Repeat_cycle000_1;time_Repeat_cycle050;time_Stim000;time_Stim000_1;time_Stim050;time_Stim100;time_Training_phase;time__000;time__050;time__100;time_experiment;time_main_sequence;time_new_advanced_delay;time_new_form_text_display;time_new_form_text_display_1;time_new_inline_javascript;time_new_inline_javascript_1;time_new_logger;time_new_logger_1;time_new_loop;time_new_loop_1;time_new_sequence;time_new_sequence_1;title;total_correct;total_response_time;total_responses;uniform_coordinates;width;y
[A1];Log.png;BlackBerries.png;Flower.png;[B1];Puddle.png;Acorn.png;Footprints.png;-292;-502;-81;-291;130;-80;183;131;289;184;395;290;501;396;NA;[4, 5, 3];425;346;Diamond.png;[[4, 5, 3]];-296;-374;94;56;133;95;172;134;211;173;250;212;289;251;328;290;367;329;-257;-295;-218;-256;-179;-217;-140;-178;-101;-139;-62;-100;-23;-61;16;-22;55;17;[A1];[X1];1;[Row1_Start];[Row1_End];0;[X1];Feather.png;Beetle.png;Mouse.png;undefined;NA;undefined;10.891.652.999.998.700;10.891.652.999.998.700;#cecece;1;0;2;psycho;yes;NA;psycho;psycho;0;uniform;undefined;undefined;NA;NA;NA;NA;0;NA;NA;5;NA;NA;NA;NA;NA;NA;NA;NA;0;5;5;NA;NA;NA;NA;0;NA;NA;5;NA;0;NA;NA;5;NA;NA;NA;NA;NA;5;NA;NA;NA;0;NA;NA;NA;NA;NA;NA;0;NA;NA;0;NA;NA;0;0;NA;NA;0;NA;0;R3;NA;NA;NA;NA;Sun Feb 28 17:14:22 2021;NA;The main experiment item;yes;;TryingToGetOSToWork.osexp;C:/Users/Sanne/Dropbox/MasterProject/Experiments/JavaScript;no;sans;no;16;no;#000000;no;Ok;no;768;28;1;psycho;5;5;0;[[-501, -374], [-501, -295], [-501, -256], [-501, -217], [-501, -178], [-501, -139], [-501, -100], [-501, -61], [-501, -22], [-501, 17], [-501, 56], [-501, 95], [-501, 134], [-501, 173], [-79, -374], [-79, -295], [-79, -256], [-79, -217], [-79, -178], [-79, -139], [-79, -100], [-79, -61], [-79, -22], [-79, 17], [-79, 56], [-79, 95], [-79, 134], [-79, 173]];C:/Users/Sanne/Dropbox/MasterProject/Experiments/JavaScript\quickrun.csv;psycho;Lentiform Loewenfeld;3.3.7;[-79, 173];-79;173;[-501, 17];-501;17;no;0;return;4;5;3;return;NA;NA;NA;10.891.652.999.998.700;10.891.652.999.998.700;NA;NA;NA;['R1', 'R2', 'R3'];2;psycho;1024;2;48000;-16;experiment;['Log.png', 'Puddle.png', 'Feather.png', 'BlackBerries.png', 'Acorn.png', 'Beetle.png', 'Flower.png', 'Footprints.png', 'Mouse.png'];999;odd;[[-501, -374], [-501, -295], [-501, -256], [-501, -217], [-501, -178], [-501, -139], [-501, -100], [-501, -61], [-501, -22], [-501, 17], [-501, 56], [-501, 95], [-501, 134], [-501, 173]];NA;7.214.872.199.998.350;NA;NA;9.067.991.299.998.530;NA;NA;NA;NA;NA;NA;NA;NA;4.043.910.500.000.490;914.884.019.999.954;10.238.375.599.998.100;NA;NA;NA;NA;62.148.950.999.981.000;NA;NA;9.068.051.999.998.710;NA;40.574.153.999.987.100;NA;NA;9.148.572.999.998.570;NA;NA;NA;NA;NA;NA;NA;NA;NA;41.800.617.999.979.200;NA;NA;NA;NA;NA;NA;18.679.158.999.984.700;NA;NA;18.692.707.999.980.400;NA;NA;10.279.948.799.998.200;1.028.031.220.000.040;NA;NA;4.047.084.599.998.920;NA;40.573.373.999.977.700;New experiment;0;10.891.652.999.998.700;1;yes;1024;2
[A1];Log.png;BlackBerries.png;Flower.png;[B1];Puddle.png;Acorn.png;Footprints.png;-292;-502;-81;-291;130;-80;183;131;289;184;395;290;501;396;NA;[5, 4, 4];425;346;NoDiamond.png;[[4, 5, 3], [5, 4, 4]];-296;-374;94;56;133;95;172;134;211;173;250;212;289;251;328;290;367;329;-257;-295;-218;-256;-179;-217;-140;-178;-101;-139;-62;-100;-23;-61;16;-22;55;17;[B1];[X1];2;[Row2_Start];[Row2_End];[Row1_Start];[X1];Feather.png;Beetle.png;Mouse.png;undefined;NA;undefined;20.703.560.000.038.100;20.703.560.000.038.100;#cecece;1;0;2;psycho;yes;NA;psycho;psycho;0;uniform;undefined;undefined;NA;NA;NA;NA;1;NA;NA;11;NA;NA;NA;NA;NA;NA;NA;NA;0;11;11;NA;NA;NA;NA;1;NA;NA;11;NA;1;NA;NA;11;NA;NA;NA;NA;NA;11;NA;NA;NA;1;NA;NA;NA;NA;NA;NA;0;NA;NA;0;NA;NA;1;1;NA;NA;0;NA;1;R3;NA;NA;NA;NA;Sun Feb 28 17:14:22 2021;NA;The main experiment item;yes;;TryingToGetOSToWork.osexp;C:/Users/Sanne/Dropbox/MasterProject/Experiments/JavaScript;no;sans;no;16;no;#000000;no;Ok;no;768;28;2;psycho;5;5;1;[[-501, -374], [-501, -295], [-501, -256], [-501, -217], [-501, -178], [-501, -139], [-501, -100], [-501, -61], [-501, -22], [-501, 17], [-501, 56], [-501, 95], [-501, 134], [-501, 173], [-79, -374], [-79, -295], [-79, -256], [-79, -217], [-79, -178], [-79, -139], [-79, -100], [-79, -61], [-79, -22], [-79, 17], [-79, 56], [-79, 95], [-79, 134], [-79, 173]];C:/Users/Sanne/Dropbox/MasterProject/Experiments/JavaScript\quickrun.csv;psycho;Lentiform Loewenfeld;3.3.7;[-501, 134];-501;134;[-79, -178];-79;-178;no;0;return;5;4;4;return;NA;NA;NA;20.703.560.000.038.100;20.703.560.000.038.100;NA;NA;NA;['R1', 'R2', 'R3'];2;psycho;1024;2;48000;-16;experiment;['Log.png', 'Puddle.png', 'Feather.png', 'BlackBerries.png', 'Acorn.png', 'Beetle.png', 'Flower.png', 'Footprints.png', 'Mouse.png'];999;odd;[[-79, -374], [-79, -295], [-79, -256], [-79, -217], [-79, -178], [-79, -139], [-79, -100], [-79, -61], [-79, -22], [-79, 17], [-79, 56], [-79, 95], [-79, 134], [-79, 173]];NA;13.404.126.800.000.000;NA;NA;1.490.547.499.999.950;NA;NA;NA;NA;NA;NA;NA;NA;4.043.910.500.000.490;14.986.846.399.999.100;15.194.290.200.000.900;NA;NA;NA;NA;12.403.765.200.000.600;NA;NA;14.905.788.100.000.700;NA;10.339.387.799.998.800;NA;NA;1.498.657.159.999.850;NA;NA;NA;NA;NA;NA;NA;NA;NA;10.367.469.099.997.800;NA;NA;NA;NA;NA;NA;18.679.158.999.984.700;NA;NA;18.692.707.999.980.400;NA;NA;15.236.095.000.000.200;15.236.493.199.998.200;NA;NA;4.047.084.599.998.920;NA;10.339.215.699.998.000;New experiment;0;20.703.560.000.038.100;1;yes;1024;2
[A1];Log.png;BlackBerries.png;Flower.png;[B1];Puddle.png;Acorn.png;Footprints.png;-292;-502;-81;-291;130;-80;183;131;289;184;395;290;501;396;NA;[2, 4, 4];425;346;Diamond.png;[[4, 5, 3], [5, 4, 4], [2, 4, 4]];-296;-374;94;56;133;95;172;134;211;173;250;212;289;251;328;290;367;329;-257;-295;-218;-256;-179;-217;-140;-178;-101;-139;-62;-100;-23;-61;16;-22;55;17;[B1];[X1];3;[Row3_Start];[Row3_End];[Row2_Start];[X1];Feather.png;Beetle.png;Mouse.png;undefined;NA;undefined;7.686.981.999.977.430;7.686.981.999.977.430;#cecece;1;0;2;psycho;yes;NA;psycho;psycho;0;uniform;undefined;undefined;NA;NA;NA;NA;2;NA;NA;17;NA;NA;NA;NA;NA;NA;NA;NA;0;17;17;NA;NA;NA;NA;2;NA;NA;17;NA;2;NA;NA;17;NA;NA;NA;NA;NA;17;NA;NA;NA;2;NA;NA;NA;NA;NA;NA;0;NA;NA;0;NA;NA;2;2;NA;NA;0;NA;2;R3;NA;NA;NA;NA;Sun Feb 28 17:14:22 2021;NA;The main experiment item;yes;;TryingToGetOSToWork.osexp;C:/Users/Sanne/Dropbox/MasterProject/Experiments/JavaScript;no;sans;no;16;no;#000000;no;Ok;no;768;28;3;psycho;5;5;2;[[-501, -374], [-501, -295], [-501, -256], [-501, -217], [-501, -178], [-501, -139], [-501, -100], [-501, -61], [-501, -22], [-501, 17], [-501, 56], [-501, 95], [-501, 134], [-501, 173], [-79, -374], [-79, -295], [-79, -256], [-79, -217], [-79, -178], [-79, -139], [-79, -100], [-79, -61], [-79, -22], [-79, 17], [-79, 56], [-79, 95], [-79, 134], [-79, 173]];C:/Users/Sanne/Dropbox/MasterProject/Experiments/JavaScript\quickrun.csv;psycho;Lentiform Loewenfeld;3.3.7;[-79, 134];-79;134;[-501, -295];-501;-295;no;0;return;2;4;4;return;NA;NA;NA;7.686.981.999.977.430;7.686.981.999.977.430;NA;NA;NA;['R1', 'R2', 'R3'];2;psycho;1024;2;48000;-16;experiment;['Log.png', 'Puddle.png', 'Feather.png', 'BlackBerries.png', 'Acorn.png', 'Beetle.png', 'Flower.png', 'Footprints.png', 'Mouse.png'];999;odd;[[-501, -374], [-501, -295], [-501, -256], [-501, -217], [-501, -178], [-501, -139], [-501, -100], [-501, -61], [-501, -22], [-501, 17], [-501, 56], [-501, 95], [-501, 134], [-501, 173]];NA;18.356.643.799.997.900;NA;NA;201.186.787.000.006;NA;NA;NA;NA;NA;NA;NA;NA;4.043.910.500.000.490;20.195.251.400.000.400;20.975.168.599.998.100;NA;NA;NA;NA;17.357.052.100.000.100;NA;NA;20.118.744.999.999.700;NA;15.292.981.099.999.400;NA;NA;20.195.152.000.000.200;NA;NA;NA;NA;NA;NA;NA;NA;NA;15.321.877.700.000.100;NA;NA;NA;NA;NA;NA;18.679.158.999.984.700;NA;NA;18.692.707.999.980.400;NA;NA;2.101.655.369.999.930;21.016.980.799.999.100;NA;NA;4.047.084.599.998.920;NA;15.292.692.499.999.200;New experiment;0;7.686.981.999.977.430;1;yes;1024;2
[A1];Log.png;BlackBerries.png;Flower.png;[B1];Puddle.png;Acorn.png;Footprints.png;-292;-502;-81;-291;130;-80;183;131;289;184;395;290;501;396;NA;[5, 6, 4];425;346;NoDiamond.png;[[4, 5, 3], [5, 4, 4], [2, 4, 4], [5, 6, 4]];-296;-374;94;56;133;95;172;134;211;173;250;212;289;251;328;290;367;329;-257;-295;-218;-256;-179;-217;-140;-178;-101;-139;-62;-100;-23;-61;16;-22;55;17;[A1];[X1];4;[Row4_Start];[Row4_End];[Row3_Start];[X1];Feather.png;Beetle.png;Mouse.png;undefined;NA;undefined;431.180.100.000.347;431.180.100.000.347;#cecece;1;0;2;psycho;yes;NA;psycho;psycho;0;uniform;undefined;undefined;NA;NA;NA;NA;3;NA;NA;25;NA;NA;NA;NA;NA;NA;NA;NA;0;25;25;NA;NA;NA;NA;3;NA;NA;25;NA;3;NA;NA;25;NA;NA;NA;NA;NA;25;NA;NA;NA;3;NA;NA;NA;NA;NA;NA;0;NA;NA;0;NA;NA;3;3;NA;NA;0;NA;3;R3;NA;NA;NA;NA;Sun Feb 28 17:14:22 2021;NA;The main experiment item;yes;;TryingToGetOSToWork.osexp;C:/Users/Sanne/Dropbox/MasterProject/Experiments/JavaScript;no;sans;no;16;no;#000000;no;Ok;no;768;28;4;psycho;7;7;3;[[-501, -374], [-501, -295], [-501, -256], [-501, -217], [-501, -178], [-501, -139], [-501, -100], [-501, -61], [-501, -22], [-501, 17], [-501, 56], [-501, 95], [-501, 134], [-501, 173], [-79, -374], [-79, -295], [-79, -256], [-79, -217], [-79, -178], [-79, -139], [-79, -100], [-79, -61], [-79, -22], [-79, 17], [-79, 56], [-79, 95], [-79, 134], [-79, 173]];C:/Users/Sanne/Dropbox/MasterProject/Experiments/JavaScript\quickrun.csv;psycho;Lentiform Loewenfeld;3.3.7;[-79, 134];-79;134;[-501, -22];-501;-22;no;0;return;5;6;4;return;NA;NA;NA;431.180.100.000.347;431.180.100.000.347;NA;NA;NA;['R1', 'R2', 'R3'];2;psycho;1024;2;48000;-16;experiment;['Log.png', 'Puddle.png', 'Feather.png', 'BlackBerries.png', 'Acorn.png', 'Beetle.png', 'Flower.png', 'Footprints.png', 'Mouse.png'];999;odd;[[-501, -374], [-501, -295], [-501, -256], [-501, -217], [-501, -178], [-501, -139], [-501, -100], [-501, -61], [-501, -22], [-501, 17], [-501, 56], [-501, 95], [-501, 134], [-501, 173]];NA;24.144.986.200.000.800;NA;NA;2.731.594.319.999.930;NA;NA;NA;NA;NA;NA;NA;NA;4.043.910.500.000.490;2.739.976.399.999.790;27.831.363.299.999.700;NA;NA;NA;NA;23.144.830.599.998.300;NA;NA;2.731.600.189.999.880;NA;2.107.562.759.999.920;NA;NA;273.996.530.000.004;NA;NA;NA;NA;NA;NA;NA;NA;NA;21.109.839.799.999.400;NA;NA;NA;NA;NA;NA;18.679.158.999.984.700;NA;NA;18.692.707.999.980.400;NA;NA;27.873.086.200.001.100;2.787.355.380.000.000;NA;NA;4.047.084.599.998.920;NA;2.107.545.570.000.000;New experiment;0;431.180.100.000.347;1;yes;1024;2
[A1];Log.png;BlackBerries.png;Flower.png;[B1];Puddle.png;Acorn.png;Footprints.png;-292;-502;-81;-291;130;-80;183;131;289;184;395;290;501;396;NA;[9, 2, 6];425;346;NoDiamond.png;[[4, 5, 3], [5, 4, 4], [2, 4, 4], [5, 6, 4], [9, 2, 6]];-296;-374;94;56;133;95;172;134;211;173;250;212;289;251;328;290;367;329;-257;-295;-218;-256;-179;-217;-140;-178;-101;-139;-62;-100;-23;-61;16;-22;55;17;[A1];[X1];5;[Row5_Start];[Row5_End];[Row4_Start];[X1];Feather.png;Beetle.png;Mouse.png;undefined;NA;undefined;38.461.439.999.809.900;38.461.439.999.809.900;#cecece;1;0;2;psycho;yes;NA;psycho;psycho;0;uniform;undefined;undefined;NA;NA;NA;NA;4;NA;NA;31;NA;NA;NA;NA;NA;NA;NA;NA;0;31;31;NA;NA;NA;NA;4;NA;NA;31;NA;4;NA;NA;31;NA;NA;NA;NA;NA;31;NA;NA;NA;4;NA;NA;NA;NA;NA;NA;0;NA;NA;0;NA;NA;4;4;NA;NA;0;NA;4;R3;NA;NA;NA;NA;Sun Feb 28 17:14:22 2021;NA;The main experiment item;yes;;TryingToGetOSToWork.osexp;C:/Users/Sanne/Dropbox/MasterProject/Experiments/JavaScript;no;sans;no;16;no;#000000;no;Ok;no;768;28;5;psycho;5;5;4;[[-501, -374], [-501, -295], [-501, -256], [-501, -217], [-501, -178], [-501, -139], [-501, -100], [-501, -61], [-501, -22], [-501, 17], [-501, 56], [-501, 95], [-501, 134], [-501, 173], [-79, -374], [-79, -295], [-79, -256], [-79, -217], [-79, -178], [-79, -139], [-79, -100], [-79, -61], [-79, -22], [-79, 17], [-79, 56], [-79, 95], [-79, 134], [-79, 173]];C:/Users/Sanne/Dropbox/MasterProject/Experiments/JavaScript\quickrun.csv;psycho;Lentiform Loewenfeld;3.3.7;[-501, -217];-501;-217;[-79, -256];-79;-256;no;0;return;9;2;6;return;NA;NA;NA;38.461.439.999.809.900;38.461.439.999.809.900;NA;NA;NA;['R1', 'R2', 'R3'];2;psycho;1024;2;48000;-16;experiment;['Log.png', 'Puddle.png', 'Feather.png', 'BlackBerries.png', 'Acorn.png', 'Beetle.png', 'Flower.png', 'Footprints.png', 'Mouse.png'];999;odd;[[-79, -374], [-79, -295], [-79, -256], [-79, -217], [-79, -178], [-79, -139], [-79, -100], [-79, -61], [-79, -22], [-79, 17], [-79, 56], [-79, 95], [-79, 134], [-79, 173]];NA;31.000.863.000.001.100;NA;NA;3.280.480.969.999.910;NA;NA;NA;NA;NA;NA;NA;NA;4.043.910.500.000.490;3.290.402.510.000.050;3.330.587.699.999.880;NA;NA;NA;NA;30.000.309.999.999.400;NA;NA;32.804.865.099.999.000;NA;2.793.153.639.999.940;NA;NA;3.290.378.749.999.940;NA;NA;NA;NA;NA;NA;NA;NA;NA;27.965.218.999.997.800;NA;NA;NA;NA;NA;NA;18.679.158.999.984.700;NA;NA;18.692.707.999.980.400;NA;NA;3.334.760.979.999.910;3.334.809.239.999.950;NA;NA;4.047.084.599.998.920;NA;2.793.136.719.999.890;New experiment;0;38.461.439.999.809.900;1;yes;1024;2
[A1];Log.png;BlackBerries.png;Flower.png;[B1];Puddle.png;Acorn.png;Footprints.png;-292;-502;-81;-291;130;-80;183;131;289;184;395;290;501;396;NA;[9, 3, 2];425;346;Diamond.png;[[4, 5, 3], [5, 4, 4], [2, 4, 4], [5, 6, 4], [9, 2, 6], [9, 3, 2]];-296;-374;94;56;133;95;172;134;211;173;250;212;289;251;328;290;367;329;-257;-295;-218;-256;-179;-217;-140;-178;-101;-139;-62;-100;-23;-61;16;-22;55;17;[B1];[X1];6;[Row6_Start];[Row6_End];[Row5_Start];[X1];Feather.png;Beetle.png;Mouse.png;undefined;NA;undefined;902.194.000.002.055;902.194.000.002.055;#cecece;1;0;2;psycho;yes;NA;psycho;psycho;0;uniform;undefined;undefined;NA;NA;NA;NA;5;NA;NA;37;NA;NA;NA;NA;NA;NA;NA;NA;0;37;37;NA;NA;NA;NA;5;NA;NA;37;NA;5;NA;NA;37;NA;NA;NA;NA;NA;37;NA;NA;NA;5;NA;NA;NA;NA;NA;NA;0;NA;NA;0;NA;NA;5;5;NA;NA;0;NA;5;R3;NA;NA;NA;NA;Sun Feb 28 17:14:22 2021;NA;The main experiment item;yes;;TryingToGetOSToWork.osexp;C:/Users/Sanne/Dropbox/MasterProject/Experiments/JavaScript;no;sans;no;16;no;#000000;no;Ok;no;768;28;6;psycho;5;5;5;[[-501, -374], [-501, -295], [-501, -256], [-501, -217], [-501, -178], [-501, -139], [-501, -100], [-501, -61], [-501, -22], [-501, 17], [-501, 56], [-501, 95], [-501, 134], [-501, 173], [-79, -374], [-79, -295], [-79, -256], [-79, -217], [-79, -178], [-79, -139], [-79, -100], [-79, -61], [-79, -22], [-79, 17], [-79, 56], [-79, 95], [-79, 134], [-79, 173]];C:/Users/Sanne/Dropbox/MasterProject/Experiments/JavaScript\quickrun.csv;psycho;Lentiform Loewenfeld;3.3.7;[-501, -100];-501;-100;[-79, -178];-79;-178;no;0;return;9;3;2;return;NA;NA;NA;902.194.000.002.055;902.194.000.002.055;NA;NA;NA;['R1', 'R2', 'R3'];2;psycho;1024;2;48000;-16;experiment;['Log.png', 'Puddle.png', 'Feather.png', 'BlackBerries.png', 'Acorn.png', 'Beetle.png', 'Flower.png', 'Footprints.png', 'Mouse.png'];999;odd;[[-79, -374], [-79, -295], [-79, -256], [-79, -217], [-79, -178], [-79, -139], [-79, -100], [-79, -61], [-79, -22], [-79, 17], [-79, 56], [-79, 95], [-79, 134], [-79, 173]];NA;3.647.249.499.999.810;NA;NA;38.884.482.800.000.100;NA;NA;NA;NA;NA;NA;NA;NA;4.043.910.500.000.490;3.897.577.769.999.770;3.987.842.499.999.890;NA;NA;NA;NA;35.471.875.700.000.900;NA;NA;3.888.468.160.000.040;NA;33.407.514.899.998.200;NA;NA;3.897.564.710.000.000;NA;NA;NA;NA;NA;NA;NA;NA;NA;3.343.597.529.999.890;NA;NA;NA;NA;NA;NA;18.679.158.999.984.700;NA;NA;18.692.707.999.980.400;NA;NA;3.992.047.629.999.790;3.992.100.460.000.070;NA;NA;4.047.084.599.998.920;NA;33.407.342.399.998.000;New experiment;0;902.194.000.002.055;1;yes;1024;2
[A1];Log.png;BlackBerries.png;Flower.png;[B1];Puddle.png;Acorn.png;Footprints.png;-292;-502;-81;-291;130;-80;183;131;289;184;395;290;501;396;NA;[4, 5, 4];425;346;Diamond.png;[[4, 5, 3], [5, 4, 4], [2, 4, 4], [5, 6, 4], [9, 2, 6], [9, 3, 2], [4, 5, 4]];-296;-374;94;56;133;95;172;134;211;173;250;212;289;251;328;290;367;329;-257;-295;-218;-256;-179;-217;-140;-178;-101;-139;-62;-100;-23;-61;16;-22;55;17;[A1];[X1];7;[Row7_Start];[Row7_End];[Row6_Start];[X1];Feather.png;Beetle.png;Mouse.png;undefined;NA;undefined;71.084.780.000.092;71.084.780.000.092;#cecece;1;0;2;psycho;yes;NA;psycho;psycho;0;uniform;undefined;undefined;NA;NA;NA;NA;6;NA;NA;43;NA;NA;NA;NA;NA;NA;NA;NA;0;43;43;NA;NA;NA;NA;6;NA;NA;43;NA;6;NA;NA;43;NA;NA;NA;NA;NA;43;NA;NA;NA;6;NA;NA;NA;NA;NA;NA;0;NA;NA;0;NA;NA;6;6;NA;NA;0;NA;6;R3;NA;NA;NA;NA;Sun Feb 28 17:14:22 2021;NA;The main experiment item;yes;;TryingToGetOSToWork.osexp;C:/Users/Sanne/Dropbox/MasterProject/Experiments/JavaScript;no;sans;no;16;no;#000000;no;Ok;no;768;28;7;psycho;5;5;6;[[-501, -374], [-501, -295], [-501, -256], [-501, -217], [-501, -178], [-501, -139], [-501, -100], [-501, -61], [-501, -22], [-501, 17], [-501, 56], [-501, 95], [-501, 134], [-501, 173], [-79, -374], [-79, -295], [-79, -256], [-79, -217], [-79, -178], [-79, -139], [-79, -100], [-79, -61], [-79, -22], [-79, 17], [-79, 56], [-79, 95], [-79, 134], [-79, 173]];C:/Users/Sanne/Dropbox/MasterProject/Experiments/JavaScript\quickrun.csv;psycho;Lentiform Loewenfeld;3.3.7;[-501, -374];-501;-374;[-79, 56];-79;56;no;0;return;4;5;4;return;NA;NA;NA;71.084.780.000.092;71.084.780.000.092;NA;NA;NA;['R1', 'R2', 'R3'];2;psycho;1024;2;48000;-16;experiment;['Log.png', 'Puddle.png', 'Feather.png', 'BlackBerries.png', 'Acorn.png', 'Beetle.png', 'Flower.png', 'Footprints.png', 'Mouse.png'];999;odd;[[-79, -374], [-79, -295], [-79, -256], [-79, -217], [-79, -178], [-79, -139], [-79, -100], [-79, -61], [-79, -22], [-79, 17], [-79, 56], [-79, 95], [-79, 134], [-79, 173]];NA;4.304.317.230.000.010;NA;NA;4.534.579.509.999.820;NA;NA;NA;NA;NA;NA;NA;NA;4.043.910.500.000.490;4.544.810.019.999.930;4.615.940.229.999.970;NA;NA;NA;NA;42.043.034.099.999.200;NA;NA;45.345.855.600.000.500;NA;39.980.270.899.999.500;NA;NA;4.544.786.259.999.810;NA;NA;NA;NA;NA;NA;NA;NA;NA;4.000.790.609.999.960;NA;NA;NA;NA;NA;NA;18.679.158.999.984.700;NA;NA;18.692.707.999.980.400;NA;NA;4.620.246.159.999.800;4.620.301.710.000.050;NA;NA;4.047.084.599.998.920;NA;3.998.010.169.999.900;New experiment;0;71.084.780.000.092;1;yes;1024;2
[A1];Log.png;BlackBerries.png;Flower.png;[B1];Puddle.png;Acorn.png;Footprints.png;-292;-502;-81;-291;130;-80;183;131;289;184;395;290;501;396;NA;[9, 9, 9];425;346;NoDiamond.png;[[4, 5, 3], [5, 4, 4], [2, 4, 4], [5, 6, 4], [9, 2, 6], [9, 3, 2], [4, 5, 4], [9, 9, 9]];-296;-374;94;56;133;95;172;134;211;173;250;212;289;251;328;290;367;329;-257;-295;-218;-256;-179;-217;-140;-178;-101;-139;-62;-100;-23;-61;16;-22;55;17;[B1];[X1];8;[Row8_Start];[Row8_End];[Row7_Start];[X1];Feather.png;Beetle.png;Mouse.png;undefined;NA;undefined;4.621.923.999.984.570;4.621.923.999.984.570;#cecece;1;0;2;psycho;yes;NA;psycho;psycho;0;uniform;undefined;undefined;NA;NA;NA;NA;7;NA;NA;50;NA;NA;NA;NA;NA;NA;NA;NA;0;50;50;NA;NA;NA;NA;7;NA;NA;50;NA;7;NA;NA;50;NA;NA;NA;NA;NA;50;NA;NA;NA;7;NA;NA;NA;NA;NA;NA;0;NA;NA;0;NA;NA;7;7;NA;NA;0;NA;7;R3;NA;NA;NA;NA;Sun Feb 28 17:14:22 2021;NA;The main experiment item;yes;;TryingToGetOSToWork.osexp;C:/Users/Sanne/Dropbox/MasterProject/Experiments/JavaScript;no;sans;no;16;no;#000000;no;Ok;no;768;28;8;psycho;6;6;7;[[-501, -374], [-501, -295], [-501, -256], [-501, -217], [-501, -178], [-501, -139], [-501, -100], [-501, -61], [-501, -22], [-501, 17], [-501, 56], [-501, 95], [-501, 134], [-501, 173], [-79, -374], [-79, -295], [-79, -256], [-79, -217], [-79, -178], [-79, -139], [-79, -100], [-79, -61], [-79, -22], [-79, 17], [-79, 56], [-79, 95], [-79, 134], [-79, 173]];C:/Users/Sanne/Dropbox/MasterProject/Experiments/JavaScript\quickrun.csv;psycho;Lentiform Loewenfeld;3.3.7;[-501, 173];-501;173;[-79, 134];-79;134;no;0;return;9;9;9;return;NA;NA;NA;4.621.923.999.984.570;4.621.923.999.984.570;NA;NA;NA;['R1', 'R2', 'R3'];2;psycho;1024;2;48000;-16;experiment;['Log.png', 'Puddle.png', 'Feather.png', 'BlackBerries.png', 'Acorn.png', 'Beetle.png', 'Flower.png', 'Footprints.png', 'Mouse.png'];999;odd;[[-79, -374], [-79, -295], [-79, -256], [-79, -217], [-79, -178], [-79, -139], [-79, -100], [-79, -61], [-79, -22], [-79, 17], [-79, 56], [-79, 95], [-79, 134], [-79, 173]];NA;4.931.646.349.999.930;NA;NA;52.356.620.899.998.200;NA;NA;NA;NA;NA;NA;NA;NA;4.043.910.500.000.490;52.453.756.499.999.100;5.291.647.169.999.850;NA;NA;NA;NA;4.831.575.309.999.970;NA;NA;5.235.667.749.999.990;NA;4.625.903.909.999.760;NA;NA;5.245.362.659.999.950;NA;NA;NA;NA;NA;NA;NA;NA;NA;46.279.714.100.001;NA;NA;NA;NA;NA;NA;18.679.158.999.984.700;NA;NA;18.692.707.999.980.400;NA;NA;5.295.783.010.000.010;52.958.411.100.000.300;NA;NA;4.047.084.599.998.920;NA;46.258.866.600.001.000;New experiment;0;4.621.923.999.984.570;1;yes;1024;2
[A1];Log.png;BlackBerries.png;Flower.png;[B1];Puddle.png;Acorn.png;Footprints.png;-292;-502;-81;-291;130;-80;183;131;289;184;395;290;501;396;NA;[2, 3, 3];425;346;Diamond.png;[[4, 5, 3], [5, 4, 4], [2, 4, 4], [5, 6, 4], [9, 2, 6], [9, 3, 2], [4, 5, 4], [9, 9, 9], [2, 3, 3]];-296;-374;94;56;133;95;172;134;211;173;250;212;289;251;328;290;367;329;-257;-295;-218;-256;-179;-217;-140;-178;-101;-139;-62;-100;-23;-61;16;-22;55;17;[B1];[X1];9;[Row9_Start];[Row9_End];[Row8_Start];[X1];Feather.png;Beetle.png;Mouse.png;undefined;NA;undefined;27.846.950.000.093.700;27.846.950.000.093.700;#cecece;1;0;2;psycho;yes;NA;psycho;psycho;0;uniform;undefined;undefined;NA;NA;NA;NA;8;NA;NA;57;NA;NA;NA;NA;NA;NA;NA;NA;0;57;57;NA;NA;NA;NA;8;NA;NA;57;NA;8;NA;NA;57;NA;NA;NA;NA;NA;57;NA;NA;NA;8;NA;NA;NA;NA;NA;NA;0;NA;NA;0;NA;NA;8;8;NA;NA;0;NA;8;R1;NA;NA;NA;NA;Sun Feb 28 17:14:22 2021;NA;The main experiment item;yes;;TryingToGetOSToWork.osexp;C:/Users/Sanne/Dropbox/MasterProject/Experiments/JavaScript;no;sans;no;16;no;#000000;no;Ok;no;768;28;9;psycho;6;6;8;[[-501, -374], [-501, -295], [-501, -256], [-501, -217], [-501, -178], [-501, -139], [-501, -100], [-501, -61], [-501, -22], [-501, 17], [-501, 56], [-501, 95], [-501, 134], [-501, 173], [-79, -374], [-79, -295], [-79, -256], [-79, -217], [-79, -178], [-79, -139], [-79, -100], [-79, -61], [-79, -22], [-79, 17], [-79, 56], [-79, 95], [-79, 134], [-79, 173]];C:/Users/Sanne/Dropbox/MasterProject/Experiments/JavaScript\quickrun.csv;psycho;Lentiform Loewenfeld;3.3.7;[-501, -178];-501;-178;[-79, -100];-79;-100;no;0;return;2;3;3;return;NA;NA;NA;27.846.950.000.093.700;27.846.950.000.093.700;NA;NA;NA;['R1', 'R2', 'R3'];2;psycho;1024;2;48000;-16;experiment;['Log.png', 'Puddle.png', 'Feather.png', 'BlackBerries.png', 'Acorn.png', 'Beetle.png', 'Flower.png', 'Footprints.png', 'Mouse.png'];999;odd;[[-79, -374], [-79, -295], [-79, -256], [-79, -217], [-79, -178], [-79, -139], [-79, -100], [-79, -61], [-79, -22], [-79, 17], [-79, 56], [-79, 95], [-79, 134], [-79, 173]];NA;5.607.671.169.999.950;NA;NA;58.173.699.200.000.500;NA;NA;NA;NA;NA;NA;NA;NA;4.043.910.500.000.490;58.289.472.399.999.700;5.856.840.250.000.090;NA;NA;NA;NA;55.070.960.999.997.600;NA;NA;5.817.376.869.999.860;NA;53.015.210.900.000.900;NA;NA;582.891.340.999.995;NA;NA;NA;NA;NA;NA;NA;NA;NA;5.303.524.339.999.780;NA;NA;NA;NA;NA;NA;18.679.158.999.984.700;NA;NA;18.692.707.999.980.400;NA;NA;5.861.107.269.999.770;5.861.169.520.000.110;NA;NA;4.047.084.599.998.920;NA;5.301.515.369.999.830;New experiment;0;27.846.950.000.093.700;1;yes;1024;3
[A1];Log.png;BlackBerries.png;Flower.png;[B1];Puddle.png;Acorn.png;Footprints.png;-292;-502;-81;-291;130;-80;183;131;289;184;395;290;501;396;NA;[2, 3, 2];425;346;NoDiamond.png;[[4, 5, 3], [5, 4, 4], [2, 4, 4], [5, 6, 4], [9, 2, 6], [9, 3, 2], [4, 5, 4], [9, 9, 9], [2, 3, 3], [2, 3, 2]];-296;-374;94;56;133;95;172;134;211;173;250;212;289;251;328;290;367;329;-257;-295;-218;-256;-179;-217;-140;-178;-101;-139;-62;-100;-23;-61;16;-22;55;17;[A1];[X1];10;[Row10_Start];[Row10_End];[Row9_Start];[X1];Feather.png;Beetle.png;Mouse.png;undefined;NA;undefined;5.179.626.000.026.470;5.179.626.000.026.470;#cecece;1;0;2;psycho;yes;NA;psycho;psycho;0;uniform;undefined;undefined;NA;NA;NA;NA;9;NA;NA;65;NA;NA;NA;NA;NA;NA;NA;NA;0;65;65;NA;NA;NA;NA;9;NA;NA;65;NA;9;NA;NA;65;NA;NA;NA;NA;NA;65;NA;NA;NA;9;NA;NA;NA;NA;NA;NA;0;NA;NA;0;NA;NA;9;9;NA;NA;0;NA;9;R1;NA;NA;NA;NA;Sun Feb 28 17:14:22 2021;NA;The main experiment item;yes;;TryingToGetOSToWork.osexp;C:/Users/Sanne/Dropbox/MasterProject/Experiments/JavaScript;no;sans;no;16;no;#000000;no;Ok;no;768;28;10;psycho;7;7;9;[[-501, -374], [-501, -295], [-501, -256], [-501, -217], [-501, -178], [-501, -139], [-501, -100], [-501, -61], [-501, -22], [-501, 17], [-501, 56], [-501, 95], [-501, 134], [-501, 173], [-79, -374], [-79, -295], [-79, -256], [-79, -217], [-79, -178], [-79, -139], [-79, -100], [-79, -61], [-79, -22], [-79, 17], [-79, 56], [-79, 95], [-79, 134], [-79, 173]];C:/Users/Sanne/Dropbox/MasterProject/Experiments/JavaScript\quickrun.csv;psycho;Lentiform Loewenfeld;3.3.7;[-79, -100];-79;-100;[-501, 56];-501;56;no;0;return;2;3;2;return;NA;NA;NA;5.179.626.000.026.470;5.179.626.000.026.470;NA;NA;NA;['R1', 'R2', 'R3'];2;psycho;1024;2;48000;-16;experiment;['Log.png', 'Puddle.png', 'Feather.png', 'BlackBerries.png', 'Acorn.png', 'Beetle.png', 'Flower.png', 'Footprints.png', 'Mouse.png'];999;odd;[[-501, -374], [-501, -295], [-501, -256], [-501, -217], [-501, -178], [-501, -139], [-501, -100], [-501, -61], [-501, -22], [-501, 17], [-501, 56], [-501, 95], [-501, 134], [-501, 173]];NA;6.172.589.819.999.840;NA;NA;6.436.109.909.999.860;NA;NA;NA;NA;NA;NA;NA;NA;4.043.910.500.000.490;6.447.798.879.999.750;6.499.644.199.999.960;NA;NA;NA;NA;6.072.549.480.000.080;NA;NA;6.436.116.349.999.790;NA;5.867.050.409.999.860;NA;NA;6.447.775.339.999.860;NA;NA;NA;NA;NA;NA;NA;NA;NA;5.868.846.459.999.980;NA;NA;NA;NA;NA;NA;18.679.158.999.984.700;NA;NA;18.692.707.999.980.400;NA;NA;6.503.806.740.000.070;6.503.871.689.999.860;NA;NA;4.047.084.599.998.920;NA;5.867.033.099.999.750;New experiment;0;5.179.626.000.026.470;1;yes;1024;0
[A1];Log.png;BlackBerries.png;Flower.png;[B1];Puddle.png;Acorn.png;Footprints.png;-292;-502;-81;-291;130;-80;183;131;289;184;395;290;501;396;NA;[1, 1, 1];425;346;NoDiamond.png;[[4, 5, 3], [5, 4, 4], [2, 4, 4], [5, 6, 4], [9, 2, 6], [9, 3, 2], [4, 5, 4], [9, 9, 9], [2, 3, 3], [2, 3, 2], [1, 1, 1]];-296;-374;94;56;133;95;172;134;211;173;250;212;289;251;328;290;367;329;-257;-295;-218;-256;-179;-217;-140;-178;-101;-139;-62;-100;-23;-61;16;-22;55;17;[B1];[X1];11;[Row11_Start];[Row11_End];[Row10_Start];[X1];Feather.png;Beetle.png;Mouse.png;undefined;NA;undefined;2.931.471.000.010.780;2.931.471.000.010.780;#cecece;1;0;2;psycho;yes;NA;psycho;psycho;0;uniform;undefined;undefined;NA;NA;NA;NA;10;NA;NA;71;NA;NA;NA;NA;NA;NA;NA;NA;0;71;71;NA;NA;NA;NA;10;NA;NA;71;NA;10;NA;NA;71;NA;NA;NA;NA;NA;71;NA;NA;NA;10;NA;NA;NA;NA;NA;NA;0;NA;NA;0;NA;NA;10;10;NA;NA;0;NA;10;R3;NA;NA;NA;NA;Sun Feb 28 17:14:22 2021;NA;The main experiment item;yes;;TryingToGetOSToWork.osexp;C:/Users/Sanne/Dropbox/MasterProject/Experiments/JavaScript;no;sans;no;16;no;#000000;no;Ok;no;768;28;11;psycho;5;5;10;[[-501, -374], [-501, -295], [-501, -256], [-501, -217], [-501, -178], [-501, -139], [-501, -100], [-501, -61], [-501, -22], [-501, 17], [-501, 56], [-501, 95], [-501, 134], [-501, 173], [-79, -374], [-79, -295], [-79, -256], [-79, -217], [-79, -178], [-79, -139], [-79, -100], [-79, -61], [-79, -22], [-79, 17], [-79, 56], [-79, 95], [-79, 134], [-79, 173]];C:/Users/Sanne/Dropbox/MasterProject/Experiments/JavaScript\quickrun.csv;psycho;Lentiform Loewenfeld;3.3.7;[-79, -256];-79;-256;[-501, -295];-501;-295;no;0;return;1;1;1;return;NA;NA;NA;2.931.471.000.010.780;2.931.471.000.010.780;NA;NA;NA;['R1', 'R2', 'R3'];2;psycho;1024;2;48000;-16;experiment;['Log.png', 'Puddle.png', 'Feather.png', 'BlackBerries.png', 'Acorn.png', 'Beetle.png', 'Flower.png', 'Footprints.png', 'Mouse.png'];999;odd;[[-501, -374], [-501, -295], [-501, -256], [-501, -217], [-501, -178], [-501, -139], [-501, -100], [-501, -61], [-501, -22], [-501, 17], [-501, 56], [-501, 95], [-501, 134], [-501, 173]];NA;6.819.836.209.999.990;NA;NA;6.995.857.469.999.820;NA;NA;NA;NA;NA;NA;NA;NA;4.043.910.500.000.490;7.008.277.439.999.800;7.037.644.739.999.810;NA;NA;NA;NA;6.719.785.489.999.770;NA;NA;6.995.863.819.999.790;NA;6.509.447.490.000.090;NA;NA;7.008.249.869.999.780;NA;NA;NA;NA;NA;NA;NA;NA;NA;65.144.715.200.000.000;NA;NA;NA;NA;NA;NA;18.679.158.999.984.700;NA;NA;18.692.707.999.980.400;NA;NA;7.041.934.779.999.790;7.042.001.639.999.940;NA;NA;4.047.084.599.998.920;NA;6.509.429.470.000.030;New experiment;0;2.931.471.000.010.780;1;yes;1024;2
[A1];Log.png;BlackBerries.png;Flower.png;[B1];Puddle.png;Acorn.png;Footprints.png;-292;-502;-81;-291;130;-80;183;131;289;184;395;290;501;396;NA;[3, 4, 3];425;346;Diamond.png;[[4, 5, 3], [5, 4, 4], [2, 4, 4], [5, 6, 4], [9, 2, 6], [9, 3, 2], [4, 5, 4], [9, 9, 9], [2, 3, 3], [2, 3, 2], [1, 1, 1], [3, 4, 3]];-296;-374;94;56;133;95;172;134;211;173;250;212;289;251;328;290;367;329;-257;-295;-218;-256;-179;-217;-140;-178;-101;-139;-62;-100;-23;-61;16;-22;55;17;[A1];[X1];12;[Row12_Start];[Row12_End];[Row11_Start];[X1];Feather.png;Beetle.png;Mouse.png;undefined;NA;undefined;2.811.016.000.014.200;2.811.016.000.014.200;#cecece;1;0;2;psycho;yes;NA;psycho;psycho;0;uniform;undefined;undefined;NA;NA;NA;NA;11;NA;NA;77;NA;NA;NA;NA;NA;NA;NA;NA;0;77;77;NA;NA;NA;NA;11;NA;NA;77;NA;11;NA;NA;77;NA;NA;NA;NA;NA;77;NA;NA;NA;11;NA;NA;NA;NA;NA;NA;0;NA;NA;0;NA;NA;11;11;NA;NA;0;NA;11;R3;NA;NA;NA;NA;Sun Feb 28 17:14:22 2021;NA;The main experiment item;yes;;TryingToGetOSToWork.osexp;C:/Users/Sanne/Dropbox/MasterProject/Experiments/JavaScript;no;sans;no;16;no;#000000;no;Ok;no;768;28;12;psycho;5;5;11;[[-501, -374], [-501, -295], [-501, -256], [-501, -217], [-501, -178], [-501, -139], [-501, -100], [-501, -61], [-501, -22], [-501, 17], [-501, 56], [-501, 95], [-501, 134], [-501, 173], [-79, -374], [-79, -295], [-79, -256], [-79, -217], [-79, -178], [-79, -139], [-79, -100], [-79, -61], [-79, -22], [-79, 17], [-79, 56], [-79, 95], [-79, 134], [-79, 173]];C:/Users/Sanne/Dropbox/MasterProject/Experiments/JavaScript\quickrun.csv;psycho;Lentiform Loewenfeld;3.3.7;[-79, 134];-79;134;[-501, 17];-501;17;no;0;return;3;4;3;return;NA;NA;NA;2.811.016.000.014.200;2.811.016.000.014.200;NA;NA;NA;['R1', 'R2', 'R3'];2;psycho;1024;2;48000;-16;experiment;['Log.png', 'Puddle.png', 'Feather.png', 'BlackBerries.png', 'Acorn.png', 'Beetle.png', 'Flower.png', 'Footprints.png', 'Mouse.png'];999;odd;[[-501, -374], [-501, -295], [-501, -256], [-501, -217], [-501, -178], [-501, -139], [-501, -100], [-501, -61], [-501, -22], [-501, 17], [-501, 56], [-501, 95], [-501, 134], [-501, 173]];NA;7.353.482.910.000.090;NA;NA;7.544.839.349.999.890;NA;NA;NA;NA;NA;NA;NA;NA;4.043.910.500.000.490;7.556.983.599.999.870;758.514.310.999.999;NA;NA;NA;NA;7.253.469.219.999.890;NA;NA;7.544.845.709.999.930;NA;7.047.558.879.999.990;NA;NA;7.556.957.169.999.800;NA;NA;NA;NA;NA;NA;NA;NA;NA;7.049.982.359.999.920;NA;NA;NA;NA;NA;NA;18.679.158.999.984.700;NA;NA;18.692.707.999.980.400;NA;NA;7.589.423.949.999.760;7.589.494.869.999.900;NA;NA;4.047.084.599.998.920;NA;704.754.170.999.986;New experiment;0;2.811.016.000.014.200;1;yes;1024;2
[A1];Log.png;BlackBerries.png;Flower.png;[B1];Puddle.png;Acorn.png;Footprints.png;-292;-502;-81;-291;130;-80;183;131;289;184;395;290;501;396;NA;[3, 2, 3];425;346;NoDiamond.png;[[4, 5, 3], [5, 4, 4], [2, 4, 4], [5, 6, 4], [9, 2, 6], [9, 3, 2], [4, 5, 4], [9, 9, 9], [2, 3, 3], [2, 3, 2], [1, 1, 1], [3, 4, 3], [3, 2, 3]];-296;-374;94;56;133;95;172;134;211;173;250;212;289;251;328;290;367;329;-257;-295;-218;-256;-179;-217;-140;-178;-101;-139;-62;-100;-23;-61;16;-22;55;17;[A1];[X1];13;[Row13_Start];[Row13_End];[Row12_Start];[X1];Feather.png;Beetle.png;Mouse.png;undefined;NA;undefined;155.908.200.002.159;155.908.200.002.159;#cecece;1;0;2;psycho;yes;NA;psycho;psycho;0;uniform;undefined;undefined;NA;NA;NA;NA;12;NA;NA;83;NA;NA;NA;NA;NA;NA;NA;NA;0;83;83;NA;NA;NA;NA;12;NA;NA;83;NA;12;NA;NA;83;NA;NA;NA;NA;NA;83;NA;NA;NA;12;NA;NA;NA;NA;NA;NA;0;NA;NA;0;NA;NA;12;12;NA;NA;0;NA;12;R3;NA;NA;NA;NA;Sun Feb 28 17:14:22 2021;NA;The main experiment item;yes;;TryingToGetOSToWork.osexp;C:/Users/Sanne/Dropbox/MasterProject/Experiments/JavaScript;no;sans;no;16;no;#000000;no;Ok;no;768;28;13;psycho;5;5;12;[[-501, -374], [-501, -295], [-501, -256], [-501, -217], [-501, -178], [-501, -139], [-501, -100], [-501, -61], [-501, -22], [-501, 17], [-501, 56], [-501, 95], [-501, 134], [-501, 173], [-79, -374], [-79, -295], [-79, -256], [-79, -217], [-79, -178], [-79, -139], [-79, -100], [-79, -61], [-79, -22], [-79, 17], [-79, 56], [-79, 95], [-79, 134], [-79, 173]];C:/Users/Sanne/Dropbox/MasterProject/Experiments/JavaScript\quickrun.csv;psycho;Lentiform Loewenfeld;3.3.7;[-501, -139];-501;-139;[-79, -139];-79;-139;no;0;return;3;2;3;return;NA;NA;NA;155.908.200.002.159;155.908.200.002.159;NA;NA;NA;['R1', 'R2', 'R3'];2;psycho;1024;2;48000;-16;experiment;['Log.png', 'Puddle.png', 'Feather.png', 'BlackBerries.png', 'Acorn.png', 'Beetle.png', 'Flower.png', 'Footprints.png', 'Mouse.png'];999;odd;[[-79, -374], [-79, -295], [-79, -256], [-79, -217], [-79, -178], [-79, -139], [-79, -100], [-79, -61], [-79, -22], [-79, 17], [-79, 56], [-79, 95], [-79, 134], [-79, 173]];NA;7.902.293.160.000.040;NA;NA;8.094.371.400.000.090;NA;NA;NA;NA;NA;NA;NA;NA;4.043.910.500.000.490;8.107.501.489.999.770;8.123.143.870.000.050;NA;NA;NA;NA;7.802.249.920.000.030;NA;NA;8.094.377.729.999.900;NA;7.595.243.869.999.830;NA;NA;810.747.193.999.996;NA;NA;NA;NA;NA;NA;NA;NA;NA;759.880.353.999.979;NA;NA;NA;NA;NA;NA;18.679.158.999.984.700;NA;NA;18.692.707.999.980.400;NA;NA;8.127.394.500.000.080;8.127.470.940.000.050;NA;NA;4.047.084.599.998.920;NA;7.595.214.660.000.050;New experiment;0;155.908.200.002.159;1;yes;1024;2
[A1];Log.png;BlackBerries.png;Flower.png;[B1];Puddle.png;Acorn.png;Footprints.png;-292;-502;-81;-291;130;-80;183;131;289;184;395;290;501;396;NA;[4, 7, 2];425;346;Diamond.png;[[4, 5, 3], [5, 4, 4], [2, 4, 4], [5, 6, 4], [9, 2, 6], [9, 3, 2], [4, 5, 4], [9, 9, 9], [2, 3, 3], [2, 3, 2], [1, 1, 1], [3, 4, 3], [3, 2, 3], [4, 7, 2]];-296;-374;94;56;133;95;172;134;211;173;250;212;289;251;328;290;367;329;-257;-295;-218;-256;-179;-217;-140;-178;-101;-139;-62;-100;-23;-61;16;-22;55;17;[B1];[X1];14;[Row14_Start];[Row14_End];[Row13_Start];[X1];Feather.png;Beetle.png;Mouse.png;undefined;NA;undefined;51.837.329.999.762;51.837.329.999.762;#cecece;1;0;2;psycho;yes;NA;psycho;psycho;0;uniform;undefined;undefined;NA;NA;NA;NA;13;NA;NA;89;NA;NA;NA;NA;NA;NA;NA;NA;0;89;89;NA;NA;NA;NA;13;NA;NA;89;NA;13;NA;NA;89;NA;NA;NA;NA;NA;89;NA;NA;NA;13;NA;NA;NA;NA;NA;NA;0;NA;NA;0;NA;NA;13;13;NA;NA;0;NA;13;R3;NA;NA;NA;NA;Sun Feb 28 17:14:22 2021;NA;The main experiment item;yes;;TryingToGetOSToWork.osexp;C:/Users/Sanne/Dropbox/MasterProject/Experiments/JavaScript;no;sans;no;16;no;#000000;no;Ok;no;768;28;14;psycho;5;5;13;[[-501, -374], [-501, -295], [-501, -256], [-501, -217], [-501, -178], [-501, -139], [-501, -100], [-501, -61], [-501, -22], [-501, 17], [-501, 56], [-501, 95], [-501, 134], [-501, 173], [-79, -374], [-79, -295], [-79, -256], [-79, -217], [-79, -178], [-79, -139], [-79, -100], [-79, -61], [-79, -22], [-79, 17], [-79, 56], [-79, 95], [-79, 134], [-79, 173]];C:/Users/Sanne/Dropbox/MasterProject/Experiments/JavaScript\quickrun.csv;psycho;Lentiform Loewenfeld;3.3.7;[-501, 173];-501;173;[-79, -139];-79;-139;no;0;return;4;7;2;return;NA;NA;NA;51.837.329.999.762;51.837.329.999.762;NA;NA;NA;['R1', 'R2', 'R3'];2;psycho;1024;2;48000;-16;experiment;['Log.png', 'Puddle.png', 'Feather.png', 'BlackBerries.png', 'Acorn.png', 'Beetle.png', 'Flower.png', 'Footprints.png', 'Mouse.png'];999;odd;[[-79, -374], [-79, -295], [-79, -256], [-79, -217], [-79, -178], [-79, -139], [-79, -100], [-79, -61], [-79, -22], [-79, 17], [-79, 56], [-79, 95], [-79, 134], [-79, 173]];NA;8.439.445.060.000.070;NA;NA;86622.84;NA;NA;NA;NA;NA;NA;NA;NA;4.043.910.500.000.490;8.677.957.310.000.050;8.729.856.400.000.060;NA;NA;NA;NA;833.936.133.999.996;NA;NA;866.229.033.999.989;NA;8.133.152.229.999.900;NA;NA;867.793.219.999.985;NA;NA;NA;NA;NA;NA;NA;NA;NA;8.135.933.269.999.800;NA;NA;NA;NA;NA;NA;18.679.158.999.984.700;NA;NA;18.692.707.999.980.400;NA;NA;873.425.372.999.991;8.734.331.999.999.990;NA;NA;4.047.084.599.998.920;NA;8.133.135.100.000.070;New experiment;0;51.837.329.999.762;1;yes;1024;2
[A1];Log.png;BlackBerries.png;Flower.png;[B1];Puddle.png;Acorn.png;Footprints.png;-292;-502;-81;-291;130;-80;183;131;289;184;395;290;501;396;NA;[3, 2, 4];425;346;Diamond.png;[[4, 5, 3], [5, 4, 4], [2, 4, 4], [5, 6, 4], [9, 2, 6], [9, 3, 2], [4, 5, 4], [9, 9, 9], [2, 3, 3], [2, 3, 2], [1, 1, 1], [3, 4, 3], [3, 2, 3], [4, 7, 2], [3, 2, 4]];-296;-374;94;56;133;95;172;134;211;173;250;212;289;251;328;290;367;329;-257;-295;-218;-256;-179;-217;-140;-178;-101;-139;-62;-100;-23;-61;16;-22;55;17;[A1];[X1];15;[Row15_Start];[Row15_End];[Row14_Start];[X1];Feather.png;Beetle.png;Mouse.png;undefined;NA;undefined;2.284.743.999.989.580;2.284.743.999.989.580;#cecece;1;0;2;psycho;yes;NA;psycho;psycho;0;uniform;undefined;undefined;NA;NA;NA;NA;14;NA;NA;97;NA;NA;NA;NA;NA;NA;NA;NA;0;97;97;NA;NA;NA;NA;14;NA;NA;97;NA;14;NA;NA;97;NA;NA;NA;NA;NA;97;NA;NA;NA;14;NA;NA;NA;NA;NA;NA;0;NA;NA;0;NA;NA;14;14;NA;NA;0;NA;14;R3;NA;NA;NA;NA;Sun Feb 28 17:14:22 2021;NA;The main experiment item;yes;;TryingToGetOSToWork.osexp;C:/Users/Sanne/Dropbox/MasterProject/Experiments/JavaScript;no;sans;no;16;no;#000000;no;Ok;no;768;28;15;psycho;7;7;14;[[-501, -374], [-501, -295], [-501, -256], [-501, -217], [-501, -178], [-501, -139], [-501, -100], [-501, -61], [-501, -22], [-501, 17], [-501, 56], [-501, 95], [-501, 134], [-501, 173], [-79, -374], [-79, -295], [-79, -256], [-79, -217], [-79, -178], [-79, -139], [-79, -100], [-79, -61], [-79, -22], [-79, 17], [-79, 56], [-79, 95], [-79, 134], [-79, 173]];C:/Users/Sanne/Dropbox/MasterProject/Experiments/JavaScript\quickrun.csv;psycho;Lentiform Loewenfeld;3.3.7;[-501, -22];-501;-22;[-79, -374];-79;-374;yes;0;return;3;2;4;return;NA;NA;NA;2.284.743.999.989.580;2.284.743.999.989.580;NA;NA;NA;['R1', 'R2', 'R3'];2;psycho;1024;2;48000;-16;experiment;['Log.png', 'Puddle.png', 'Feather.png', 'BlackBerries.png', 'Acorn.png', 'Beetle.png', 'Flower.png', 'Footprints.png', 'Mouse.png'];999;odd;[[-79, -374], [-79, -295], [-79, -256], [-79, -217], [-79, -178], [-79, -139], [-79, -100], [-79, -61], [-79, -22], [-79, 17], [-79, 56], [-79, 95], [-79, 134], [-79, 173]];NA;9.046.661.229.999.880;NA;NA;940.156.739.999.984;NA;NA;NA;NA;NA;NA;NA;NA;4.043.910.500.000.490;9.415.444.209.999.980;9.438.346.539.999.830;NA;NA;NA;NA;8.946.574.029.999.820;NA;NA;9.401.573.659.999.840;NA;8.740.308.050.000.020;NA;NA;9.415.420.090.000.040;NA;NA;NA;NA;NA;NA;NA;NA;NA;8.743.332.169.999.840;NA;NA;NA;NA;NA;NA;18.679.158.999.984.700;NA;NA;18.692.707.999.980.400;NA;NA;9.442.604.289.999.870;9.442.684.820.000.060;NA;NA;4.047.084.599.998.920;NA;874.029.073.999.991;New experiment;0;2.284.743.999.989.580;1;yes;1024;2
[A1];Log.png;BlackBerries.png;Flower.png;[B1];Puddle.png;Acorn.png;Footprints.png;-292;-502;-81;-291;130;-80;183;131;289;184;395;290;501;396;NA;[4, 3, 3];425;346;NoDiamond.png;[[4, 5, 3], [5, 4, 4], [2, 4, 4], [5, 6, 4], [9, 2, 6], [9, 3, 2], [4, 5, 4], [9, 9, 9], [2, 3, 3], [2, 3, 2], [1, 1, 1], [3, 4, 3], [3, 2, 3], [4, 7, 2], [3, 2, 4], [4, 3, 3]];-296;-374;94;56;133;95;172;134;211;173;250;212;289;251;328;290;367;329;-257;-295;-218;-256;-179;-217;-140;-178;-101;-139;-62;-100;-23;-61;16;-22;55;17;[B1];[X1];16;[Row16_Start];[Row16_End];[Row15_Start];[X1];Feather.png;Beetle.png;Mouse.png;undefined;NA;undefined;7.993.370.000.258.430;7.993.370.000.258.430;#cecece;1;0;2;psycho;yes;NA;psycho;psycho;0;uniform;undefined;undefined;NA;NA;NA;NA;15;NA;NA;105;NA;NA;NA;NA;NA;NA;NA;NA;0;105;105;NA;NA;NA;NA;15;NA;NA;105;NA;15;NA;NA;105;NA;NA;NA;NA;NA;105;NA;NA;NA;15;NA;NA;NA;NA;NA;NA;0;NA;NA;0;NA;NA;15;15;NA;NA;0;NA;15;R3;NA;NA;NA;NA;Sun Feb 28 17:14:22 2021;NA;The main experiment item;yes;;TryingToGetOSToWork.osexp;C:/Users/Sanne/Dropbox/MasterProject/Experiments/JavaScript;no;sans;no;16;no;#000000;no;Ok;no;768;28;16;psycho;7;7;15;[[-501, -374], [-501, -295], [-501, -256], [-501, -217], [-501, -178], [-501, -139], [-501, -100], [-501, -61], [-501, -22], [-501, 17], [-501, 56], [-501, 95], [-501, 134], [-501, 173], [-79, -374], [-79, -295], [-79, -256], [-79, -217], [-79, -178], [-79, -139], [-79, -100], [-79, -61], [-79, -22], [-79, 17], [-79, 56], [-79, 95], [-79, 134], [-79, 173]];C:/Users/Sanne/Dropbox/MasterProject/Experiments/JavaScript\quickrun.csv;psycho;Lentiform Loewenfeld;3.3.7;[-501, -61];-501;-61;[-79, -256];-79;-256;no;0;return;4;3;3;return;NA;NA;NA;7.993.370.000.258.430;7.993.370.000.258.430;NA;NA;NA;['R1', 'R2', 'R3'];2;psycho;1024;2;48000;-16;experiment;['Log.png', 'Puddle.png', 'Feather.png', 'BlackBerries.png', 'Acorn.png', 'Beetle.png', 'Flower.png', 'Footprints.png', 'Mouse.png'];999;odd;[[-79, -374], [-79, -295], [-79, -256], [-79, -217], [-79, -178], [-79, -139], [-79, -100], [-79, -61], [-79, -22], [-79, 17], [-79, 56], [-79, 95], [-79, 134], [-79, 173]];NA;9.755.520.469.999.820;NA;NA;10.099.430.819.999.900;NA;NA;NA;NA;NA;NA;NA;NA;4.043.910.500.000.490;10.116.003.699.999.700;10.124.059.689.999.900;NA;NA;NA;NA;965.548.106.999.995;NA;NA;10.099.437.000.000.000;NA;944.868.671.999.975;NA;NA;10.115.976.700.000.100;NA;NA;NA;NA;NA;NA;NA;NA;NA;9.452.198.679.999.850;NA;NA;NA;NA;NA;NA;18.679.158.999.984.700;NA;NA;18.692.707.999.980.400;NA;NA;10.128.355.870.000.000;10.128.439.319.999.900;NA;NA;4.047.084.599.998.920;NA;9.448.668.940.000.060;New experiment;0;7.993.370.000.258.430;1;yes;1024;2
